1,2:00,3:00,4:00,5:00,6:00
2,2:00,3:00,4:00,5:00,6:00
3,2:30,3:30,4:30,5:30,6:30
4,4:00,6:00,8:00,10:00,12:00
5,4:00,6:00,8:00,10:00,12:00
6,4:00,6:00,8:00,10:00,12:00
7,4:00,6:00,8:00,10:00,12:00
8,4:00,6:00,8:00,10:00,12:00
9,4:00,6:00,8:00,10:00,12:00
10,4:00,6:00,8:00,10:00,12:00
11,4:00,6:00,8:00,10:00,12:00
12,4:00,6:00,8:00,10:00,12:00
13,4:00,6:00,8:00,10:00,12:00
14,4:00,6:00,8:00,10:00,12:00
15,4:00,6:00,8:00,10:00,12:00
16,4:00,6:00,8:00,10:00,12:00
17,4:00,6:00,8:00,10:00,12:00
18,4:00,6:00,8:00,10:00,12:00
19,4:00,6:00,8:00,10:00,12:00
20,4:00,6:00,8:00,10:00,12:00
21,4:00,6:00,8:00,10:00,12:00
22,4:00,6:00,8:00,10:00,12:00
23,4:00,6:00,8:00,10:00,12:00
24,4:00,6:00,8:00,10:00,12:00
25,4:00,6:00,8:00,10:00,12:00
26,4:00,6:00,8:00,10:00,12:00
27,4:00,6:00,8:00,10:00,12:00
28,4:00,6:00,8:00,10:00,12:00
29,4:00,6:00,8:00,10:00,12:00
30,4:00,6:00,8:00,10:00,12:00
